{
    "mejor_modelo": "LightGBM",
    "es_sintetico": false,
    "mcnemar": {
        "contingency_table": [
            [
                37842,
                1247
            ],
            [
                1099,
                21315
            ]
        ],
        "chi2_statistic": 9.210997442455243,
        "p_value": 0.002405655873807853,
        "significant": true
    },
    "wilcoxon": {
        "benchmark_modelo": "Random Forest",
        "statistic": 0.0,
        "p_value": 0.0625,
        "significant": false,
        "test_type": "Wilcoxon Signed-Rank Test",
        "auc_winner_folds": [
            0.6678401279662924,
            0.6621105031261278,
            0.6631737439547538,
            0.6672238290911082,
            0.6621953399637075
        ],
        "auc_benchmark_folds": [
            0.6594184412488124,
            0.6523398423053792,
            0.6522149797643866,
            0.6558288210491192,
            0.6524684459615905
        ]
    },
    "modelos": {
        "Regresi\u00f3n Log\u00edstica": {
            "Accuracy": 0.5909955611921369,
            "Precision": 0.11706243835824293,
            "Recall": 0.6215508559919436,
            "F1-Score": 0.1970185463019121,
            "AUC-ROC": 0.6434563434009413,
            "MCC": 0.11552335180300795,
            "CV-F1-Mean": 0.6433244611241877,
            "CV-F1-Std": 0.0020346586230325396,
            "Fold-AUCs": [
                0.6470356418208467,
                0.6412887671137716,
                0.6416966354577109,
                0.6435568669380973,
                0.6430443942905117
            ],
            "Training Time (s)": 118.45020914077759,
            "Best Params": {
                "C": 10.0
            }
        },
        "\u00c1rbol de Decisi\u00f3n": {
            "Accuracy": 0.5943287319317757,
            "Precision": 0.11580606713060863,
            "Recall": 0.6066465256797583,
            "F1-Score": 0.19448569768192678,
            "AUC-ROC": 0.6357216084418729,
            "MCC": 0.11022733772582102,
            "CV-F1-Mean": 0.6376287614718377,
            "CV-F1-Std": 0.003034934318535967,
            "Fold-AUCs": [
                0.6431056501190402,
                0.6357599259374542,
                0.6341563701827004,
                0.6380602164253224,
                0.6370616446946709
            ],
            "Training Time (s)": 12.122388124465942,
            "Best Params": {
                "max_depth": 8,
                "min_samples_split": 5
            }
        },
        "Random Forest": {
            "Accuracy": 0.6214656195632733,
            "Precision": 0.12160152053549293,
            "Recall": 0.592749244712991,
            "F1-Score": 0.20180340796105187,
            "AUC-ROC": 0.650473422557428,
            "MCC": 0.12085826089391001,
            "CV-F1-Mean": 0.6544541060658576,
            "CV-F1-Std": 0.0028270517853911607,
            "Fold-AUCs": [
                0.6594184412488124,
                0.6523398423053792,
                0.6522149797643866,
                0.6558288210491192,
                0.6524684459615905
            ],
            "Training Time (s)": 67.51314878463745,
            "Best Params": {
                "max_depth": 10,
                "n_estimators": 100
            }
        },
        "XGBoost": {
            "Accuracy": 0.6331561062062013,
            "Precision": 0.12757671957671957,
            "Recall": 0.6070493454179254,
            "F1-Score": 0.21084295208114726,
            "AUC-ROC": 0.6643618919760123,
            "MCC": 0.13581842987204487,
            "CV-F1-Mean": 0.6642288030283698,
            "CV-F1-Std": 0.0021653615369402143,
            "Fold-AUCs": [
                0.6670400909394725,
                0.6615105233650811,
                0.662887225836215,
                0.6665222605464589,
                0.6631839144546214
            ],
            "Training Time (s)": 20.712038278579712,
            "Best Params": {
                "learning_rate": 0.1,
                "max_depth": 5,
                "n_estimators": 100
            }
        },
        "LightGBM": {
            "Accuracy": 0.6355624928865259,
            "Precision": 0.12857082038400955,
            "Recall": 0.608257804632427,
            "F1-Score": 0.2122724397272791,
            "AUC-ROC": 0.6649554843150702,
            "MCC": 0.13805298430891427,
            "CV-F1-Mean": 0.6645087088203979,
            "CV-F1-Std": 0.002504213601979404,
            "Fold-AUCs": [
                0.6678401279662924,
                0.6621105031261278,
                0.6631737439547538,
                0.6672238290911082,
                0.6621953399637075
            ],
            "Training Time (s)": 27.00798225402832,
            "Best Params": {
                "learning_rate": 0.1,
                "max_depth": 5,
                "n_estimators": 100
            }
        }
    }
}