{
  "metadata": {
    "total_test_records": 61503,
    "default_rate": 0.08072776937710356,
    "threshold": 0.4
  },
  "escenario_a": {
    "nombre": "Tradicional (Escenario A)",
    "auc": 0.6793255305800621,
    "recall": 0.8795568982880161,
    "f1_score": 0.17883249042773194,
    "confusion_matrix": {
      "tn": 17031,
      "fp": 39507,
      "fn": 598,
      "vp": 4367
    },
    "tpr_grid": [
      0.0004028197381671702,
      0.04451158106747231,
      0.07693856998992951,
      0.105337361530715,
      0.13313192346424974,
      0.15750251762336354,
      0.18489425981873112,
      0.20704934541792547,
      0.22860020140986909,
      0.2497482376636455,
      0.2686807653575025,
      0.286404833836858,
      0.30553877139979857,
      0.3238670694864048,
      0.34078549848942596,
      0.35931520644511583,
      0.3754279959718026,
      0.3905337361530715,
      0.40314931795294345,
      0.41711983887210474,
      0.4322255790533736,
      0.4459214501510574,
      0.4569989929506546,
      0.4713723336079833,
      0.4828160761695506,
      0.49929506545820745,
      0.510171198388721,
      0.5214501510574018,
      0.5327291037260826,
      0.5434038267875125,
      0.5540785498489426,
      0.5639476334340383,
      0.5748237663645519,
      0.5873111782477342,
      0.5981873111782477,
      0.6086606243705942,
      0.6181268882175227,
      0.6283987915407855,
      0.6390735146022155,
      0.6509566968781471,
      0.6618328298086606,
      0.6700906344410876,
      0.6783484390735146,
      0.6860020140986909,
      0.6947489569846066,
      0.7031218529707955,
      0.7109768378650554,
      0.7182275931520644,
      0.7266868076535751,
      0.7341389728096677,
      0.7440080563947633,
      0.7520644511581067,
      0.760725075528701,
      0.7685800604229607,
      0.7764350453172205,
      0.783484390735146,
      0.7907351460221551,
      0.7973816717019134,
      0.8028197381671702,
      0.8109438798864782,
      0.8181268882175227,
      0.8255790533736153,
      0.8326283987915408,
      0.8408862034239678,
      0.8457200402819738,
      0.8529707955689829,
      0.8584088620342397,
      0.865055387713998,
      0.8715005035246727,
      0.878147029204431,
      0.8868076535750252,
      0.8914400805639476,
      0.8978851963746224,
      0.9063444108761329,
      0.9105740181268882,
      0.9182275931520645,
      0.9224572004028198,
      0.9280966767371601,
      0.9345417925478349,
      0.9399798590130917,
      0.9444108761329305,
      0.9490433031218529,
      0.9526686807653575,
      0.9570996978851963,
      0.962134944612286,
      0.965558912386707,
      0.9711983887210474,
      0.9746223564954682,
      0.9788519637462235,
      0.9816717019133937,
      0.984491440080564,
      0.9877139979859013,
      0.9903323262839879,
      0.9915407854984895,
      0.9935548841893252,
      0.9953675730110776,
      0.9967774420946627,
      0.9977844914400805,
      0.998992950654582,
      1.0
    ]
  },
  "escenario_b": {
    "nombre": "Enriquecido (Escenario B)",
    "auc": 0.6649554843150702,
    "recall": 0.8112789526686808,
    "f1_score": 0.18177715600884517,
    "confusion_matrix": {
      "tn": 21213,
      "fp": 35325,
      "fn": 937,
      "vp": 4028
    },
    "tpr_grid": [
      0.0002014098690835851,
      0.03927492447129909,
      0.06948640483383686,
      0.10171198388721048,
      0.12527693856998992,
      0.14904330312185296,
      0.17401812688821752,
      0.19456193353474321,
      0.2108761329305136,
      0.22678751258811683,
      0.24894259818731118,
      0.2676737160120846,
      0.28580060422960724,
      0.30594159113796576,
      0.32406847935548844,
      0.3405840886203424,
      0.36032225579053373,
      0.3770392749244713,
      0.38912386706948643,
      0.40362537764350453,
      0.4191339375629406,
      0.4336354481369587,
      0.4475327291037261,
      0.4664652567975831,
      0.4759315206445116,
      0.48580060422960725,
      0.4986908358509567,
      0.5119838872104733,
      0.524269889224572,
      0.5351460221550856,
      0.5454179254783484,
      0.5566968781470292,
      0.5671701913393756,
      0.576233635448137,
      0.5879154078549849,
      0.5991943605236657,
      0.6092648539778449,
      0.6185297079556898,
      0.627190332326284,
      0.6364551863041289,
      0.6453172205438067,
      0.6521651560926486,
      0.6606243705941591,
      0.6698892245720041,
      0.679154078549849,
      0.6855991943605236,
      0.6940584088620343,
      0.7007049345417925,
      0.7093655589123867,
      0.7200402819738168,
      0.7289023162134944,
      0.7361530715005036,
      0.7438066465256797,
      0.751460221550856,
      0.7579053373615308,
      0.7655589123867069,
      0.7736153071500503,
      0.7804632426988922,
      0.7852970795568983,
      0.7925478348439073,
      0.7997985901309164,
      0.8056394763343404,
      0.8120845921450152,
      0.8183282980866062,
      0.8272596487097998,
      0.8348439073514602,
      0.8396777442094663,
      0.8461411700082397,
      0.8534212212762065,
      0.8600201409869084,
      0.8662638469284994,
      0.8727089627391742,
      0.8811681772406847,
      0.8874118831822759,
      0.8942598187311178,
      0.899496475327291,
      0.9047331319234643,
      0.9099697885196375,
      0.9154078549848943,
      0.9204431017119838,
      0.9264853977844915,
      0.9311178247734139,
      0.9368415270530075,
      0.9410784582990024,
      0.9450151057401812,
      0.9498489425981873,
      0.953877139979859,
      0.9577039274924471,
      0.9609264853977845,
      0.9649546827794562,
      0.9697885196374623,
      0.9734138972809667,
      0.9766364551863042,
      0.9808660624370594,
      0.9828801611278952,
      0.9867069486404834,
      0.9911379657603222,
      0.9937562940584088,
      0.996576032225579,
      1.0
    ]
  },